"Canon EOS R5 Full-Frame Mirrorless Camera - 8K Video, 45 Megapixel Full-Frame CMOS Sensor, DIGIC X Image Processor, Up to 12 fps Mechanical Shutter (Body Only)",3899,/Canon-Full-Frame-Mirrorless-Megapixel-Processor/dp/B08C68F2DX/ref=sr_1_1?crid=2PQ7YLUQGDDRN&keywords=canon+r5&qid=1651843650&sprefix=canon+%2Caps%2C688&sr=8-1
"Canon EOS R5 Full-Frame Mirrorless Camera with 8K Video,45 Megapixel Full-Frame CMOS Sensor,DIGICxImage Processor,Dual Memory Card Slots,and Up to 12 fps Mechnical Shutter,Body Only (Renewed),Black",,/Canon-Full-Frame-Mirrorless-Megapixel-Processor/dp/B08H6ZXR5T/ref=sr_1_2?crid=2PQ7YLUQGDDRN&keywords=canon+r5&qid=1651843650&sprefix=canon+%2Caps%2C688&sr=8-2
"Canon EOS R6 Full-Frame Mirrorless Camera with 4K Video, Full-Frame CMOS Senor, DIGIC X Image Processor, Dual UHS-II SD Memory Card Slots, and Up to 12 fps with Mechnical Shutter, Body Only, Black",2499,/Canon-Full-Frame-Mirrorless-Processor-Mechnical/dp/B08BVT9CK2/ref=sr_1_3?crid=2PQ7YLUQGDDRN&keywords=canon+r5&qid=1651843650&sprefix=canon+%2Caps%2C688&sr=8-3
"Canon EOS R RF24-105mm F4-7.1 IS STM Lens Kit, Vlogging and Content Creator Camera 4K UHD, Digital Single-Lens Non-Reflex AF/AE, 0.4 Magnification, Mirrorless and Full-Frame, Compact & Lightweight",1899,/Canon-Plus-RF24-105mm-F4-7-1-Black/dp/B088MMTS9P/ref=sr_1_4?crid=2PQ7YLUQGDDRN&keywords=canon+r5&qid=1651843650&sprefix=canon+%2Caps%2C688&sr=8-4
Canon BG-R10 (4365C001),349,/Canon-4365C001-BG-R10/dp/B08CLWFHR6/ref=sr_1_5?crid=2PQ7YLUQGDDRN&keywords=canon+r5&qid=1651843650&sprefix=canon+%2Caps%2C688&sr=8-5
"Canon EOS RP Full Frame Mirrorless Vlogging Portable Digital Camera with 26.2MP Full-Frame CMOS Sensor, Wi-Fi , Bluetooth, 4K Video Recording and 3.0” Vari-angle Touch LCD Screen, Body, Black,",999,/Canon-EOS-Mirrorless-Camera-Body/dp/B07N9KDCGV/ref=sr_1_6?crid=2PQ7YLUQGDDRN&keywords=canon+r5&qid=1651843650&sprefix=canon+%2Caps%2C688&sr=8-6
"Canon EOS R Mirrorless Full Frame Camera - Vlogging Camera 4K, Content Creator Camera, Wi-Fi, 30.3 MP Full-Frame CMOS Sensor, Dual Pixel CMOS AF (Body Only)",,/Canon-Mirrorless-Digital-Camera-Body/dp/B07H484HLT/ref=sr_1_7?crid=2PQ7YLUQGDDRN&keywords=canon+r5&qid=1651843650&sprefix=canon+%2Caps%2C688&sr=8-7
Sony NEW Alpha 7S III Full-frame Interchangeable Lens Mirrorless Camera,,/Sony-Full-frame-Interchangeable-Mirrorless-Camera/dp/B08DP4NKGN/ref=sr_1_8?crid=2PQ7YLUQGDDRN&keywords=canon+r5&qid=1651843650&sprefix=canon+%2Caps%2C688&sr=8-8
KRORUX Lens Adapter EF - EOS R All Metal Auto Focus Mount Converter Compatible for Canon EF/EFS Lenses to EOS RP R R6 R5 Cameras,49,/gp/slredirect/picassoRedirect.html/ref=pa_sp_mtf_aps_sr_pg1_1?ie=UTF8&adId=A097782332NBWSDZ4S4UW&url=%2FKRORUX-Lens-Adapter-Converter-Compatible%2Fdp%2FB096XD434Q%2Fref%3Dsr_1_9_sspa%3Fcrid%3D2PQ7YLUQGDDRN%26keywords%3Dcanon%2Br5%26qid%3D1651843650%26sprefix%3Dcanon%2B%252Caps%252C688%26sr%3D8-9-spons%26psc%3D1&qualifier=1651843650&id=4442321022944033&widgetName=sp_mtf
"Canon EF-EOS R Mount Adapter – Compatible with EOS RP, EOS R, EOS R6, and EOS R5 Cameras",99,/Canon-Mount-Adapter-EF-EOS-R/dp/B07H4CR6Y9/ref=sr_1_10?crid=2PQ7YLUQGDDRN&keywords=canon+r5&qid=1651843650&sprefix=canon+%2Caps%2C688&sr=8-10
"Canon EOS M6 Mark II Mirrorless Camera for Vlogging + 15-45mm Lens, CMOS, APS-C Sensor, Dual Pixel CMOS Auto Focus, Wi-Fi,Bluetooth and 4K Video",1099,/Canon-Mark-Black-15-45mm-3-5-6-3/dp/B07WFQZ6FL/ref=sr_1_11?crid=2PQ7YLUQGDDRN&keywords=canon+r5&qid=1651843650&sprefix=canon+%2Caps%2C688&sr=8-11
"Sony Alpha 7R III Mirrorless Camera with 42.4MP Full-Frame High Resolution Sensor, Camera with Front End LSI Image Processor, 4K HDR Video and 3"" LCD Screen",2198,/Sony-Mirrorless-Full-Frame-Resolution-Processor/dp/B0973XSMTQ/ref=sr_1_12?crid=2PQ7YLUQGDDRN&keywords=canon+r5&qid=1651843650&sprefix=canon+%2Caps%2C688&sr=8-12
"Canon EOS 6D Mark II Digital SLR Camera Body, Wi-Fi Enabled",,/Canon-Mark-Digital-Camera-Body/dp/B072MZCJKN/ref=sr_1_13?crid=2PQ7YLUQGDDRN&keywords=canon+r5&qid=1651843650&sprefix=canon+%2Caps%2C688&sr=8-13
"ALTSON EF-EOS R Lens Adapter Compatible with Canon EF/EF-S Lens for Canon EOS R, EOS RP, EOS R6, EOS R5 Series Cameras, Support AF/is/Adjustable Aperture/EXIF",49,/gp/slredirect/picassoRedirect.html/ref=pa_sp_mtf_aps_sr_pg1_1?ie=UTF8&adId=A04951193O4I9O50RNA63&url=%2FALTSON-Adapter-Compatible-Adjustable-Aperture%2Fdp%2FB09NN229SY%2Fref%3Dsr_1_14_sspa%3Fcrid%3D2PQ7YLUQGDDRN%26keywords%3Dcanon%2Br5%26qid%3D1651843650%26sprefix%3Dcanon%2B%252Caps%252C688%26sr%3D8-14-spons%26psc%3D1&qualifier=1651843650&id=4442321022944033&widgetName=sp_mtf
"Sony a7 III ILCE7M3/B Full-Frame Mirrorless Interchangeable-Lens Camera with 3-Inch LCD, Body Only,Base Configuration,Black",1998,/Sony-Full-Frame-Mirrorless-Interchangeable-Lens-ILCE7M3/dp/B07B43WPVK/ref=sr_1_15?crid=2PQ7YLUQGDDRN&keywords=canon+r5&qid=1651843650&sprefix=canon+%2Caps%2C688&sr=8-15
Canon EOS 5D Mark IV Full Frame Digital SLR Camera Body (Renewed),2280,/Canon-EOS-5D-Mark-IV/dp/B07DTW9B8P/ref=sr_1_16?crid=2PQ7YLUQGDDRN&keywords=canon+r5&qid=1651843650&sprefix=canon+%2Caps%2C688&sr=8-16
Canon EOS 5D Mark IV Full Frame Digital SLR Camera Body,2699,/Canon-Mark-Frame-Digital-Camera/dp/B01KURGS9E/ref=sr_1_17?crid=2PQ7YLUQGDDRN&keywords=canon+r5&qid=1651843650&sprefix=canon+%2Caps%2C688&sr=8-17
"Canon EOS REBEL SL3 Digital SLR Camera with EF-S 18-55mm Lens kit, Built-in Wi-Fi, Dual Pixel CMOS AF and 3.0 Inch Vari-Angle Touch Screen, Black",,/Canon-Rebel-18-55mm-Lens-Black/dp/B07QBD256Y/ref=sr_1_18?crid=2PQ7YLUQGDDRN&keywords=canon+r5&qid=1651843650&sprefix=canon+%2Caps%2C688&sr=8-18
